City_ID,City,Country,Date,Lat,Lng,Max Temp,Humidity,Cloudiness,Wind Speed,Current Description,Rain inches (last 3 hours),Snow inches (last 3 hours)
0,Hobart,AU,2020-02-27 02:35:31,-42.88,147.33,66.99,39,75,19.46,shower rain,0.0,0.0
1,Georgetown,MY,2020-02-27 02:32:14,5.41,100.34,86.0,66,20,4.7,few clouds,0.0,0.0
2,Kapaa,US,2020-02-27 02:35:31,22.08,-159.32,80.6,65,20,19.46,few clouds,0.0,0.0
3,Ushuaia,AR,2020-02-27 02:35:31,-54.8,-68.3,46.4,70,75,32.21,shower rain,0.0,0.0
4,Hilo,US,2020-02-27 02:33:41,19.73,-155.09,80.6,51,1,11.41,clear sky,0.0,0.0
5,Sterling,US,2020-02-27 02:35:32,39.01,-77.43,50.0,100,90,8.05,moderate rain,0.0,0.0
6,Lorengau,PG,2020-02-27 02:35:32,-2.02,147.27,85.64,69,0,4.97,clear sky,0.0,0.0
7,Rikitea,PF,2020-02-27 02:35:32,-23.12,-134.97,80.44,75,100,8.32,overcast clouds,0.0,0.0
8,Esperance,AU,2020-02-27 02:32:41,-33.87,121.9,69.8,60,40,12.75,scattered clouds,0.0,0.0
9,Port Alfred,ZA,2020-02-27 02:35:33,-33.59,26.89,69.01,90,100,4.0,light rain,0.047,0.0
10,Ondjiva,AO,2020-02-27 02:35:33,-17.07,15.73,69.3,88,100,6.29,moderate rain,0.14,0.0
11,Butaritari,KI,2020-02-27 02:35:33,3.07,172.79,84.34,79,100,16.53,overcast clouds,0.0,0.0
12,Korem,ET,2020-02-27 02:35:33,12.51,39.52,55.42,70,51,3.0,broken clouds,0.0,0.0
13,Altay,CN,2020-02-27 02:32:42,47.87,88.12,26.62,74,100,3.53,overcast clouds,0.0,0.0
14,Malanje,AO,2020-02-27 02:35:34,-9.54,16.34,62.87,97,100,1.95,overcast clouds,0.0,0.0
15,Praia Da Vitoria,PT,2020-02-27 02:35:34,38.73,-27.07,59.0,77,20,15.08,few clouds,0.0,0.0
16,Cape Town,ZA,2020-02-27 02:33:50,-33.93,18.42,64.0,88,20,24.16,few clouds,0.0,0.0
17,Punta Arenas,CL,2020-02-27 02:32:50,-53.15,-70.92,48.2,70,20,35.57,few clouds,0.0,0.0
18,Qaanaaq,GL,2020-02-27 02:35:34,77.48,-69.36,-14.04,58,100,3.8,overcast clouds,0.0,0.0
19,Busselton,AU,2020-02-27 02:35:35,-33.65,115.33,71.01,53,100,15.12,light rain,0.049,0.0
20,Jamestown,US,2020-02-27 02:32:02,42.1,-79.24,39.99,93,90,3.36,moderate rain,0.0,0.0
21,Mataura,NZ,2020-02-27 02:35:35,-46.19,168.86,63.0,65,100,21.0,overcast clouds,0.0,0.0
22,Avarua,CK,2020-02-27 02:35:35,-21.21,-159.78,78.8,94,0,3.36,light rain,0.0,0.0
23,Geraldton,AU,2020-02-27 02:35:35,-28.77,114.6,82.4,61,69,25.28,light rain,0.012,0.0
24,Assiniboia,CA,2020-02-27 02:35:36,49.63,-105.98,20.59,91,85,8.75,overcast clouds,0.0,0.0
25,Ilulissat,GL,2020-02-27 02:35:36,69.22,-51.1,-9.4,47,30,8.05,scattered clouds,0.0,0.0
26,Kudahuvadhoo,MV,2020-02-27 02:35:36,2.67,72.89,82.11,82,92,14.47,overcast clouds,0.0,0.0
27,Sikasso,ML,2020-02-27 02:35:36,10.92,-7.0,71.69,18,0,4.25,clear sky,0.0,0.0
28,Ancud,CL,2020-02-27 02:35:36,-41.87,-73.82,59.0,82,0,11.41,clear sky,0.0,0.0
29,Prince Rupert,CA,2020-02-27 02:33:41,54.32,-130.32,42.8,93,90,13.87,light rain,0.0,0.0
30,Cartagena,CO,2020-02-27 02:32:24,10.4,-75.51,78.8,88,20,8.05,few clouds,0.0,0.0
31,Lebu,CL,2020-02-27 02:35:37,-37.62,-73.65,54.03,91,0,4.88,clear sky,0.0,0.0
32,Xinzhou,CN,2020-02-27 02:35:37,38.41,112.73,30.76,90,100,3.89,light snow,0.0,0.005
33,Dalianwan,CN,2020-02-27 02:35:37,39.03,121.69,39.2,32,47,4.47,scattered clouds,0.0,0.0
34,Tezu,IN,2020-02-27 02:35:38,27.92,96.17,60.67,83,90,1.45,light rain,0.012,0.0
35,Bredasdorp,ZA,2020-02-27 02:35:38,-34.53,20.04,64.4,77,100,8.05,light rain,0.047,0.0
36,Barrow,US,2020-02-27 02:35:38,71.29,-156.79,-34.6,97,1,5.82,clear sky,0.0,0.0
37,Muyuka,CM,2020-02-27 02:35:38,4.29,9.41,78.8,88,75,3.36,broken clouds,0.0,0.0
38,Tateyama,JP,2020-02-27 02:35:38,34.98,139.87,52.0,46,75,18.34,broken clouds,0.0,0.0
39,Iqaluit,CA,2020-02-27 02:35:39,63.75,-68.51,-27.0,67,5,5.82,clear sky,0.0,0.0
40,Vaini,TO,2020-02-27 02:35:39,-21.2,-175.2,86.0,70,40,6.93,scattered clouds,0.0,0.0
41,Pleasanton,US,2020-02-27 02:33:04,37.66,-121.87,69.8,51,1,4.7,clear sky,0.0,0.0
42,Nazca,PE,2020-02-27 02:35:39,-14.83,-74.95,71.51,81,92,6.15,overcast clouds,0.0,0.0
43,Nikolskoye,RU,2020-02-27 02:35:40,59.7,30.79,26.6,68,70,6.71,broken clouds,0.0,0.0
44,Saskylakh,RU,2020-02-27 02:35:40,71.92,114.08,10.83,87,0,16.62,clear sky,0.0,0.0
45,Vitim,RU,2020-02-27 02:35:40,59.45,112.56,11.37,93,100,1.59,overcast clouds,0.0,0.0
46,Kodiak,US,2020-02-27 02:32:38,57.79,-152.41,35.6,74,1,11.41,clear sky,0.0,0.0
47,Victoria,HK,2020-02-27 02:35:24,22.29,114.16,78.01,77,40,14.99,scattered clouds,0.0,0.0
48,Papara,BR,2020-02-27 02:35:40,-3.98,-38.73,82.4,78,75,3.36,broken clouds,0.0,0.0
49,Slave Lake,CA,2020-02-27 02:35:41,55.28,-114.77,33.8,74,20,7.76,few clouds,0.0,0.0
50,Brigantine,US,2020-02-27 02:35:41,39.41,-74.36,53.01,93,90,12.75,light rain,0.0,0.0
51,Pangkalanbuun,ID,2020-02-27 02:35:41,-2.68,111.62,91.33,53,100,2.42,overcast clouds,0.0,0.0
52,New Norfolk,AU,2020-02-27 02:35:41,-42.78,147.06,66.99,39,75,19.46,shower rain,0.0,0.0
53,Tuktoyaktuk,CA,2020-02-27 02:35:41,69.45,-133.04,-16.6,75,75,10.29,broken clouds,0.0,0.0
54,Hohhot,CN,2020-02-27 02:35:42,40.81,111.65,41.0,48,40,2.24,scattered clouds,0.0,0.0
55,Port Elizabeth,ZA,2020-02-27 02:35:21,-33.92,25.57,68.0,82,75,16.11,broken clouds,0.0,0.0
56,Bethel,US,2020-02-27 02:34:45,41.37,-73.41,46.4,87,90,12.75,overcast clouds,0.0,0.0
57,Zuwarah,LY,2020-02-27 02:35:42,32.93,12.08,60.12,75,0,11.65,clear sky,0.0,0.0
58,Aklavik,CA,2020-02-27 02:35:42,68.22,-135.01,-13.0,75,75,6.93,broken clouds,0.0,0.0
59,Arraial Do Cabo,BR,2020-02-27 02:35:43,-22.97,-42.03,79.34,86,100,9.91,light rain,0.044,0.0
60,Albany,US,2020-02-27 02:35:43,42.6,-73.97,45.0,74,90,3.36,overcast clouds,0.0,0.0
61,Chibuto,MZ,2020-02-27 02:35:43,-24.69,33.53,68.81,90,0,5.7,clear sky,0.0,0.0
62,Mahebourg,MU,2020-02-27 02:35:43,-20.41,57.7,80.6,88,75,8.05,shower rain,0.0,0.0
63,Kaitangata,NZ,2020-02-27 02:35:44,-46.28,169.85,66.0,64,100,21.12,light rain,0.035,0.0
64,Tanabe,JP,2020-02-27 02:35:44,33.73,135.37,50.0,43,40,21.92,scattered clouds,0.0,0.0
65,Vestmannaeyjar,IS,2020-02-27 02:35:44,63.44,-20.27,35.24,55,100,25.48,overcast clouds,0.0,0.0
66,Tasiilaq,GL,2020-02-27 02:35:44,65.61,-37.64,12.2,85,100,3.36,snow,0.0,0.0
67,Dikson,RU,2020-02-27 02:35:44,73.51,80.55,14.9,92,100,25.99,light snow,0.0,0.03
68,Saint-Georges,GD,2020-02-27 02:34:59,12.06,-61.75,77.0,83,20,3.36,few clouds,0.0,0.0
69,Saint-Joseph,RE,2020-02-27 02:35:45,-21.37,55.62,77.0,78,20,3.36,few clouds,0.0,0.0
70,Atuona,PF,2020-02-27 02:35:45,-9.8,-139.03,81.68,75,0,12.41,clear sky,0.0,0.0
71,Hermanus,ZA,2020-02-27 02:35:45,-34.42,19.23,63.0,87,100,1.01,light rain,0.017,0.0
72,Gorontalo,ID,2020-02-27 02:35:45,0.54,123.06,90.18,47,84,2.55,broken clouds,0.0,0.0
73,Doha,QA,2020-02-27 02:33:02,25.29,51.53,63.0,72,0,5.82,clear sky,0.0,0.0
74,Bergerac,FR,2020-02-27 02:35:46,44.83,0.5,46.0,93,90,9.17,light intensity drizzle,0.0,0.0
75,Grand Gaube,MU,2020-02-27 02:35:46,-20.01,57.66,80.6,88,75,8.05,shower rain,0.0,0.0
76,Bluff,NZ,2020-02-27 02:35:46,-46.6,168.33,63.0,65,100,21.0,overcast clouds,0.0,0.0
77,Carnarvon,AU,2020-02-27 02:35:46,-24.87,113.63,82.4,78,40,17.22,scattered clouds,0.0,0.0
78,Alice Springs,AU,2020-02-27 02:35:46,-23.7,133.88,95.0,16,75,17.22,broken clouds,0.0,0.0
79,East London,ZA,2020-02-27 02:35:47,-33.02,27.91,71.65,82,100,14.38,light rain,0.042,0.0
80,Cherskiy,RU,2020-02-27 02:35:47,68.75,161.3,-8.07,89,100,15.14,overcast clouds,0.0,0.0
81,Warri,NG,2020-02-27 02:35:47,5.52,5.75,78.82,87,45,2.89,scattered clouds,0.0,0.0
82,Taylorville,US,2020-02-27 02:35:47,39.55,-89.29,30.99,63,90,14.99,overcast clouds,0.0,0.0
83,Padang,ID,2020-02-27 02:35:47,-0.95,100.35,81.9,59,58,4.27,broken clouds,0.0,0.0
84,Longyearbyen,SJ,2020-02-27 02:35:19,78.22,15.64,-7.6,63,20,8.05,light snow,0.0,0.0
85,Yellowknife,CA,2020-02-27 02:34:24,62.46,-114.35,5.0,84,90,5.82,light snow,0.0,0.0
86,Upernavik,GL,2020-02-27 02:35:48,72.79,-56.15,-17.57,64,88,1.52,overcast clouds,0.0,0.0
87,Abong Mbang,CM,2020-02-27 02:35:48,3.98,13.18,69.01,92,98,3.24,light rain,0.01,0.0
88,Namibe,AO,2020-02-27 02:35:48,-15.2,12.15,73.62,77,93,11.56,overcast clouds,0.0,0.0
89,Coro,VE,2020-02-27 02:35:48,11.4,-69.67,76.03,84,100,15.08,overcast clouds,0.0,0.0
90,Acapulco,MX,2020-02-27 02:35:49,16.86,-99.89,77.0,78,20,3.87,few clouds,0.0,0.0
91,Bucerias,MX,2020-02-27 02:33:09,20.75,-105.33,73.4,78,5,5.82,clear sky,0.0,0.0
92,Formosa Do Rio Preto,BR,2020-02-27 02:35:49,-11.05,-45.19,70.74,90,80,1.59,broken clouds,0.0,0.0
93,Ketchikan,US,2020-02-27 02:35:49,55.34,-131.65,42.8,100,90,31.09,moderate rain,0.0,0.0
94,Leshukonskoye,RU,2020-02-27 02:35:49,64.9,45.76,18.12,96,93,4.23,light snow,0.0,0.017
95,Airai,TL,2020-02-27 02:35:50,-8.93,125.41,83.32,56,97,5.01,overcast clouds,0.0,0.0
96,Pandan,PH,2020-02-27 02:35:50,14.05,124.17,79.83,79,100,19.04,light rain,0.025,0.0
97,Valparaiso,CL,2020-02-27 02:35:50,-33.04,-71.63,59.0,93,20,2.24,few clouds,0.0,0.0
98,Okmulgee,US,2020-02-27 02:35:50,35.62,-95.96,37.4,51,1,3.36,clear sky,0.0,0.0
99,Guiratinga,BR,2020-02-27 02:35:51,-16.35,-53.76,71.69,96,98,1.92,overcast clouds,0.0,0.0
100,Blankenberge,BE,2020-02-27 02:35:51,51.31,3.13,39.2,80,20,8.05,few clouds,0.0,0.0
101,Hofn,IS,2020-02-27 02:35:51,64.25,-15.21,33.3,67,39,31.41,scattered clouds,0.0,0.0
102,Urucara,BR,2020-02-27 02:35:52,-2.54,-57.76,76.6,96,100,1.7,overcast clouds,0.0,0.0
103,Bud,US,2020-02-27 02:35:52,39.45,-86.18,30.2,86,90,13.87,light snow,0.0,0.0
104,Baruun-Urt,MN,2020-02-27 02:35:52,46.68,113.28,16.52,84,100,7.65,overcast clouds,0.0,0.0
105,Naze,JP,2020-02-27 02:35:52,28.37,129.48,68.0,52,20,19.46,few clouds,0.0,0.0
106,Nurota,UZ,2020-02-27 02:35:53,40.56,65.69,37.4,61,100,11.41,overcast clouds,0.0,0.0
107,Sitka,US,2020-02-27 02:35:53,57.05,-135.33,39.2,86,90,12.75,light rain,0.0,0.0
108,Lubango,AO,2020-02-27 02:35:53,-14.92,13.49,59.13,79,18,1.36,few clouds,0.0,0.0
109,Kanniyakumari,IN,2020-02-27 02:35:53,8.08,77.57,79.5,74,99,20.42,overcast clouds,0.0,0.0
110,Rocha,UY,2020-02-27 02:35:53,-34.48,-54.33,53.96,80,15,3.36,few clouds,0.0,0.0
111,Ixtapa,MX,2020-02-27 02:35:54,20.7,-105.2,73.4,78,5,5.82,clear sky,0.0,0.0
112,San Patricio,MX,2020-02-27 02:35:54,19.22,-104.7,77.0,78,20,1.03,few clouds,0.0,0.0
113,Chokurdakh,RU,2020-02-27 02:35:54,70.63,147.92,14.7,84,100,15.61,overcast clouds,0.0,0.0
114,Waddan,LY,2020-02-27 02:35:54,29.16,16.14,61.47,28,0,4.34,clear sky,0.0,0.0
115,Pangoa,PE,2020-02-27 02:35:54,-12.12,-73.0,71.65,95,100,1.54,light rain,0.079,0.0
116,Mar Del Plata,AR,2020-02-27 02:33:03,-38.0,-57.56,57.2,76,0,3.36,clear sky,0.0,0.0
117,Maldonado,UY,2020-02-27 02:35:55,-34.67,-54.92,57.2,82,62,6.93,broken clouds,0.0,0.0
118,Ballia,IN,2020-02-27 02:35:55,25.76,84.15,65.01,68,0,2.98,clear sky,0.0,0.0
119,Saint-Augustin,CA,2020-02-27 02:35:55,51.23,-58.65,3.92,85,0,12.1,clear sky,0.0,0.0
120,Saint-Philippe,RE,2020-02-27 02:35:55,-21.36,55.77,77.0,78,20,3.36,few clouds,0.0,0.0
121,Faanui,PF,2020-02-27 02:35:56,-16.48,-151.75,82.98,67,4,6.26,clear sky,0.0,0.0
122,Lavassaare,EE,2020-02-27 02:35:56,58.51,24.39,30.0,87,100,11.99,light snow,0.0,0.035
123,Grindavik,IS,2020-02-27 02:35:56,63.84,-22.43,26.6,85,90,28.86,snow,0.0,0.0
124,Adrar,MR,2020-02-27 02:35:56,20.5,-10.07,66.02,12,0,11.43,clear sky,0.0,0.0
125,Betioky,MG,2020-02-27 02:35:56,-23.72,44.38,70.21,78,0,3.96,clear sky,0.0,0.0
126,Kalmunai,LK,2020-02-27 02:35:56,7.42,81.82,81.36,77,100,13.24,light rain,0.007,0.0
127,Zhigansk,RU,2020-02-27 02:35:57,66.77,123.37,-1.86,97,97,10.49,overcast clouds,0.0,0.0
128,Puerto Ayora,EC,2020-02-27 02:35:57,-0.74,-90.35,79.0,100,99,3.0,overcast clouds,0.0,0.0
129,Harper,LR,2020-02-27 02:35:57,4.38,-7.72,77.97,94,0,2.42,clear sky,0.0,0.0
130,Ornskoldsvik,SE,2020-02-27 02:35:57,63.29,18.72,8.6,77,0,5.82,clear sky,0.0,0.0
131,Sao Joao Da Barra,BR,2020-02-27 02:35:57,-21.64,-41.05,79.57,86,100,10.22,overcast clouds,0.0,0.0
132,Tansen,NP,2020-02-27 02:35:58,27.87,83.55,56.1,71,0,0.31,clear sky,0.0,0.0
133,Beira,MZ,2020-02-27 02:35:58,-19.84,34.84,73.4,94,40,3.36,scattered clouds,0.0,0.0
134,Kondinskoye,RU,2020-02-27 02:35:58,59.65,67.41,15.84,96,91,2.42,light snow,0.0,0.012
135,Verkhnyaya Inta,RU,2020-02-27 02:35:58,65.98,60.31,19.35,94,85,13.11,overcast clouds,0.0,0.0
136,Jiayuguan,CN,2020-02-27 02:35:58,39.82,98.3,47.1,28,0,2.59,clear sky,0.0,0.0
137,Pangnirtung,CA,2020-02-27 02:35:59,66.15,-65.71,-33.2,98,28,2.8,scattered clouds,0.0,0.0
138,Resistencia,AR,2020-02-27 02:35:59,-27.46,-58.98,69.01,100,0,2.46,clear sky,0.0,0.0
139,Tczew,PL,2020-02-27 02:35:59,54.09,18.78,34.0,87,75,10.29,broken clouds,0.0,0.0
140,Crossville,US,2020-02-27 02:35:59,35.95,-85.03,37.99,92,90,10.29,light snow,0.0,0.0
141,Buala,SB,2020-02-27 02:35:59,-8.14,159.59,84.27,77,99,2.77,light rain,0.035,0.0
142,Bandar-E Lengeh,IR,2020-02-27 02:36:00,26.56,54.88,62.6,63,0,4.7,haze,0.0,0.0
143,Emerald,AU,2020-02-27 02:36:00,-23.53,148.17,91.99,59,40,4.7,scattered clouds,0.0,0.0
144,Ziro,IN,2020-02-27 02:36:00,27.63,93.83,55.15,80,20,1.9,few clouds,0.0,0.0
145,Hasaki,JP,2020-02-27 02:36:00,35.73,140.83,50.0,39,40,21.92,scattered clouds,0.0,0.0
146,Thompson,CA,2020-02-27 02:36:00,55.74,-97.86,-0.4,49,20,2.24,few clouds,0.0,0.0
147,Arlit,NE,2020-02-27 02:35:18,18.74,7.39,59.56,15,0,0.92,clear sky,0.0,0.0
148,Port Moresby,PG,2020-02-27 02:36:01,-9.44,147.18,91.4,66,40,8.05,haze,0.0,0.0
149,Iquitos,PE,2020-02-27 02:32:20,-3.75,-73.25,77.0,94,75,9.17,light intensity shower rain,0.0,0.0
150,Dvubratskiy,RU,2020-02-27 02:36:01,45.24,39.8,57.0,37,97,6.71,overcast clouds,0.0,0.0
151,Loukhi,RU,2020-02-27 02:36:01,66.08,33.04,13.68,82,99,7.78,overcast clouds,0.0,0.0
152,Saldanha,ZA,2020-02-27 02:36:01,-33.01,17.94,60.8,87,95,12.75,overcast clouds,0.0,0.0
153,Bathsheba,BB,2020-02-27 02:36:02,13.22,-59.52,77.0,73,20,10.29,few clouds,0.0,0.0
154,Teknaf,BD,2020-02-27 02:36:02,20.86,92.31,79.75,38,12,4.07,few clouds,0.0,0.0
155,Fare,PF,2020-02-27 02:36:02,-16.7,-151.02,83.35,67,13,6.04,few clouds,0.0,0.0
156,Swan River,CA,2020-02-27 02:36:02,52.11,-101.27,8.15,92,100,2.53,overcast clouds,0.0,0.0
157,Codrington,AU,2020-02-27 02:36:02,-38.27,141.97,60.51,76,92,26.49,light rain,0.012,0.0
158,Itambe,BR,2020-02-27 02:36:03,-15.24,-40.62,68.5,97,27,2.35,scattered clouds,0.0,0.0
159,Chateaudun,FR,2020-02-27 02:36:03,48.08,1.33,39.2,86,100,10.29,overcast clouds,0.0,0.0
160,Karratha,AU,2020-02-27 02:36:03,-20.74,116.85,82.96,81,95,6.04,overcast clouds,0.0,0.0
161,Rawson,AR,2020-02-27 02:36:03,-43.3,-65.1,67.86,54,100,11.1,overcast clouds,0.0,0.0
162,Samarai,PG,2020-02-27 02:36:03,-10.62,150.67,88.14,60,31,7.34,scattered clouds,0.0,0.0
163,Sabang,ID,2020-02-27 02:36:04,5.89,95.32,82.8,76,19,18.99,few clouds,0.0,0.0
164,Billings,US,2020-02-27 02:34:31,45.78,-108.5,37.0,47,75,19.46,broken clouds,0.0,0.0
165,Souillac,MU,2020-02-27 02:36:04,-20.52,57.52,80.6,88,75,8.05,shower rain,0.0,0.0
166,Amalapuram,IN,2020-02-27 02:36:04,16.58,82.02,77.0,78,40,6.93,mist,0.0,0.0
167,Iglesias,IT,2020-02-27 02:36:04,39.31,8.54,53.6,58,5,17.22,clear sky,0.0,0.0
168,Caravelas,BR,2020-02-27 02:36:05,-17.71,-39.25,80.78,80,0,18.16,clear sky,0.0,0.0
169,Glossop,GB,2020-02-27 02:36:05,53.44,-1.95,39.2,86,100,4.7,light rain,0.0,0.0
170,Haines Junction,CA,2020-02-27 02:36:05,60.75,-137.51,13.42,96,100,3.74,overcast clouds,0.0,0.0
171,Bambanglipuro,ID,2020-02-27 02:36:05,-7.95,110.28,85.57,65,91,4.97,overcast clouds,0.0,0.0
172,Norman Wells,CA,2020-02-27 02:36:06,65.28,-126.83,-7.6,76,90,3.36,overcast clouds,0.0,0.0
173,Cody,US,2020-02-27 02:35:33,44.53,-109.06,37.4,44,1,16.11,clear sky,0.0,0.0
174,Saint George,US,2020-02-27 02:36:06,37.1,-113.58,53.6,18,1,1.12,clear sky,0.0,0.0
175,Leningradskiy,RU,2020-02-27 02:36:06,69.38,178.42,-14.13,90,0,1.28,clear sky,0.0,0.0
176,Mto Wa Mbu,TZ,2020-02-27 02:36:06,-3.35,35.85,68.22,92,100,2.33,moderate rain,0.204,0.0
177,Maniitsoq,GL,2020-02-27 02:36:06,65.42,-52.9,4.06,60,0,4.12,clear sky,0.0,0.0
178,Khatanga,RU,2020-02-27 02:36:07,71.97,102.5,13.68,90,95,14.99,overcast clouds,0.0,0.0
179,Cowra,AU,2020-02-27 02:36:07,-33.83,148.68,75.85,17,0,10.16,clear sky,0.0,0.0
180,Ponta Do Sol,PT,2020-02-27 02:36:07,32.67,-17.1,60.8,72,75,12.75,broken clouds,0.0,0.0
181,Kisaran,ID,2020-02-27 02:36:07,2.98,99.62,85.86,63,0,3.87,clear sky,0.0,0.0
182,Pevek,RU,2020-02-27 02:36:07,69.7,170.31,-11.7,90,0,10.76,clear sky,0.0,0.0
183,Ilo,PE,2020-02-27 02:36:08,-17.64,-71.34,73.42,88,40,7.29,scattered clouds,0.0,0.0
184,Conceicao Do Araguaia,BR,2020-02-27 02:36:08,-8.26,-49.26,78.8,94,100,1.12,light rain,0.047,0.0
185,Tepechitlan,MX,2020-02-27 02:36:08,21.67,-103.33,57.36,22,0,2.75,clear sky,0.0,0.0
186,Yar-Sale,RU,2020-02-27 02:36:08,66.83,70.83,19.27,94,100,19.55,light snow,0.0,0.015
187,Slupca,PL,2020-02-27 02:36:08,52.29,17.87,37.0,80,32,8.01,scattered clouds,0.0,0.0
188,Ahipara,NZ,2020-02-27 02:36:09,-35.17,173.17,84.0,63,81,1.99,broken clouds,0.0,0.0
189,Mesyagutovo,RU,2020-02-27 02:33:06,55.53,58.25,14.67,92,97,8.34,overcast clouds,0.0,0.0
190,West Lorne,CA,2020-02-27 02:36:09,42.6,-81.6,25.0,92,90,20.8,light snow,0.0,0.0
191,Muravlenko,RU,2020-02-27 02:36:09,63.79,74.52,17.04,82,100,24.54,overcast clouds,0.0,0.0
192,Faya,SA,2020-02-27 02:36:10,18.39,42.45,57.2,35,40,5.28,scattered clouds,0.0,0.0
193,Ust-Nera,RU,2020-02-27 02:36:10,64.57,143.2,-19.5,96,97,4.29,overcast clouds,0.0,0.0
194,Los Llanos De Aridane,ES,2020-02-27 02:36:10,28.66,-17.92,62.6,93,75,11.41,broken clouds,0.0,0.0
195,Lahore,PK,2020-02-27 02:31:13,31.55,74.34,57.2,87,40,5.97,mist,0.0,0.0
196,Kachiry,KZ,2020-02-27 02:36:11,53.07,76.1,23.0,85,29,14.43,scattered clouds,0.0,0.0
197,Lagoa,PT,2020-02-27 02:36:11,39.05,-27.98,61.74,87,0,11.12,clear sky,0.0,0.0
198,Betamcherla,IN,2020-02-27 02:36:11,15.47,78.17,77.61,61,30,8.16,scattered clouds,0.0,0.0
199,Torun,PL,2020-02-27 02:36:12,53.01,18.6,39.99,80,75,14.99,broken clouds,0.0,0.0
200,Port Shepstone,ZA,2020-02-27 02:36:12,-30.74,30.45,68.9,77,68,4.97,broken clouds,0.0,0.0
201,Lompoc,US,2020-02-27 02:32:35,34.64,-120.46,64.4,44,1,5.82,clear sky,0.0,0.0
202,Puerto Escondido,MX,2020-02-27 02:36:13,15.85,-97.07,82.4,83,75,4.7,broken clouds,0.0,0.0
203,Paamiut,GL,2020-02-27 02:36:13,61.99,-49.67,0.03,56,0,8.32,clear sky,0.0,0.0
204,Severo-Kurilsk,RU,2020-02-27 02:36:13,50.68,156.12,26.22,92,100,4.88,light snow,0.0,0.01
205,Bam,IR,2020-02-27 02:36:13,29.11,58.36,56.71,49,0,20.51,clear sky,0.0,0.0
206,High Rock,BS,2020-02-27 02:36:13,26.62,-78.28,76.46,79,67,21.39,light rain,0.044,0.0
207,Ribeira Grande,PT,2020-02-27 02:36:14,38.52,-28.7,58.69,91,66,12.55,broken clouds,0.0,0.0
208,Kurilsk,RU,2020-02-27 02:36:14,45.23,147.88,20.28,73,100,11.32,light snow,0.0,0.005
209,Folkestone,GB,2020-02-27 02:33:11,51.08,1.18,41.0,86,100,4.7,light rain,0.0,0.0
210,Talnakh,RU,2020-02-27 02:36:14,69.49,88.4,15.8,85,100,35.79,overcast clouds,0.0,0.0
211,Hokitika,NZ,2020-02-27 02:36:15,-42.72,170.97,63.28,81,90,18.61,overcast clouds,0.0,0.0
212,Tiksi,RU,2020-02-27 02:36:15,71.69,128.87,-0.69,84,100,19.13,overcast clouds,0.0,0.0
213,Kolda,SN,2020-02-27 02:33:06,12.88,-14.95,75.25,31,0,3.49,clear sky,0.0,0.0
214,Salinas,US,2020-02-27 02:36:15,36.68,-121.66,62.01,37,23,2.46,few clouds,0.0,0.0
215,Chicama,PE,2020-02-27 02:36:15,-7.84,-79.15,71.6,88,26,12.75,mist,0.0,0.0
216,Eydhafushi,MV,2020-02-27 02:36:15,5.1,73.07,81.7,72,67,14.83,broken clouds,0.0,0.0
217,Flinders,AU,2020-02-27 02:36:16,-34.58,150.86,79.0,56,40,14.99,scattered clouds,0.0,0.0
218,Klaksvik,FO,2020-02-27 02:36:16,62.23,-6.59,33.8,86,57,6.93,light snow,0.0,0.032
219,Coihaique,CL,2020-02-27 02:36:16,-45.58,-72.07,59.0,72,100,3.36,light rain,0.015,0.0
220,Kavieng,PG,2020-02-27 02:36:16,-2.57,150.8,85.17,74,9,7.87,clear sky,0.0,0.0
221,Fortuna,US,2020-02-27 02:36:16,40.6,-124.16,50.0,81,1,5.82,clear sky,0.0,0.0
222,Nova Olimpia,BR,2020-02-27 02:36:17,-14.8,-57.29,73.26,96,100,2.98,overcast clouds,0.0,0.0
223,Bonavista,CA,2020-02-27 02:36:13,48.65,-53.11,25.61,91,96,13.35,light snow,0.0,0.005
224,Palmer,US,2020-02-27 02:31:52,42.16,-72.33,46.4,81,90,9.17,overcast clouds,0.0,0.0
225,Petatlan,MX,2020-02-27 02:36:17,17.52,-101.27,78.8,69,5,3.44,clear sky,0.0,0.0
226,Margate,GB,2020-02-27 02:36:17,51.38,1.39,41.0,86,100,4.7,overcast clouds,0.0,0.0
227,Ormara,PK,2020-02-27 02:36:18,25.21,64.64,73.6,75,100,10.29,overcast clouds,0.0,0.0
228,Sibolga,ID,2020-02-27 02:36:18,1.74,98.78,85.95,58,5,3.53,clear sky,0.0,0.0
229,Jiuquan,CN,2020-02-27 02:36:18,39.74,98.52,37.08,35,53,2.98,broken clouds,0.0,0.0
230,Bardiyah,LY,2020-02-27 02:36:18,31.76,25.09,62.35,53,100,12.06,overcast clouds,0.0,0.0
231,Comodoro Rivadavia,AR,2020-02-27 02:36:18,-45.87,-67.5,73.4,38,95,31.09,overcast clouds,0.0,0.0
232,Bengkulu,ID,2020-02-27 02:36:19,-3.8,102.27,89.33,55,21,0.92,few clouds,0.0,0.0
233,Ulaangom,MN,2020-02-27 02:36:19,49.98,92.07,-1.39,96,98,1.28,overcast clouds,0.0,0.0
234,Bulaevo,KZ,2020-02-27 02:36:19,54.91,70.44,23.86,97,86,6.22,light snow,0.0,0.012
235,Walvis Bay,NA,2020-02-27 02:36:19,-22.96,14.51,66.0,91,4,1.99,clear sky,0.0,0.0
236,Chapais,CA,2020-02-27 02:36:19,49.78,-74.85,14.0,66,90,10.29,overcast clouds,0.0,0.0
237,Shimoda,JP,2020-02-27 02:36:19,34.67,138.95,50.0,34,75,25.28,broken clouds,0.0,0.0
238,Makakilo City,US,2020-02-27 02:36:20,21.35,-158.09,75.2,60,75,9.17,broken clouds,0.0,0.0
239,San Cristobal,VE,2020-02-27 02:31:49,7.77,-72.22,84.2,62,40,3.36,haze,0.0,0.0
240,Yulara,AU,2020-02-27 02:36:20,-25.24,130.99,95.0,19,19,17.22,few clouds,0.0,0.0
241,College,US,2020-02-27 02:36:20,64.86,-147.8,3.2,59,1,3.36,clear sky,0.0,0.0
242,Jaisalmer,IN,2020-02-27 02:36:20,26.91,70.92,75.11,41,91,7.63,overcast clouds,0.0,0.0
243,Hithadhoo,MV,2020-02-27 02:36:21,-0.6,73.08,82.89,80,81,16.15,light rain,0.042,0.0
244,Necochea,AR,2020-02-27 02:36:21,-38.55,-58.74,55.0,87,0,3.0,clear sky,0.0,0.0
245,Imbituba,BR,2020-02-27 02:36:21,-28.24,-48.67,69.8,77,20,9.17,few clouds,0.0,0.0
246,Vuktyl,RU,2020-02-27 02:36:21,63.86,57.31,11.89,96,97,5.26,light snow,0.0,0.005
247,Torbay,CA,2020-02-27 02:35:13,47.67,-52.73,30.0,100,90,8.05,light snow,0.0,0.0
248,Viedma,AR,2020-02-27 02:36:21,-40.81,-63.0,69.91,32,87,9.37,overcast clouds,0.0,0.0
249,Tuatapere,NZ,2020-02-27 02:36:22,-46.13,167.68,63.0,65,21,21.0,few clouds,0.0,0.0
250,Rustenburg,ZA,2020-02-27 02:36:22,-25.67,27.24,61.12,60,0,1.59,clear sky,0.0,0.0
251,San Quintin,MX,2020-02-27 02:36:22,30.48,-115.95,61.12,45,0,5.28,clear sky,0.0,0.0
252,Lucea,JM,2020-02-27 02:36:22,18.45,-78.17,78.8,88,20,1.12,few clouds,0.0,0.0
253,Vardo,NO,2020-02-27 02:36:22,70.37,31.11,21.02,88,70,11.12,broken clouds,0.0,0.0
254,Lingao,CN,2020-02-27 02:36:23,19.91,109.69,73.35,80,32,10.25,scattered clouds,0.0,0.0
255,Meulaboh,ID,2020-02-27 02:36:23,4.14,96.13,82.06,79,0,4.54,clear sky,0.0,0.0
256,Turukhansk,RU,2020-02-27 02:36:23,65.82,87.98,11.84,87,100,11.7,overcast clouds,0.0,0.0
257,Chuy,UY,2020-02-27 02:36:23,-33.7,-53.46,58.26,77,0,4.38,clear sky,0.0,0.0
258,Parabel,RU,2020-02-27 02:36:23,58.7,81.48,15.24,85,73,13.09,broken clouds,0.0,0.0
259,Shubarkuduk,KZ,2020-02-27 02:36:23,49.14,56.49,21.27,85,0,7.58,clear sky,0.0,0.0
260,Deori Khas,IN,2020-02-27 02:36:24,23.4,79.02,68.45,33,86,4.41,overcast clouds,0.0,0.0
261,Mokhotlong,LS,2020-02-27 02:36:24,-29.29,29.07,50.27,83,100,1.39,overcast clouds,0.0,0.0
262,Hachinohe,JP,2020-02-27 02:36:24,40.5,141.5,37.0,70,75,6.93,fog,0.0,0.0
263,Camacha,PT,2020-02-27 02:36:24,33.08,-16.33,60.8,77,40,10.29,scattered clouds,0.0,0.0
264,Tucuman,AR,2020-02-27 02:31:36,-26.82,-65.22,77.0,61,99,6.93,overcast clouds,0.0,0.0
265,Kenora,CA,2020-02-27 02:34:01,49.82,-94.43,10.4,55,75,3.36,broken clouds,0.0,0.0
266,Mogadishu,SO,2020-02-27 02:36:25,2.04,45.34,81.66,82,100,17.49,overcast clouds,0.0,0.0
267,Pisco,PE,2020-02-27 02:36:25,-13.7,-76.22,73.4,88,99,17.22,overcast clouds,0.0,0.0
268,Vysokogornyy,RU,2020-02-27 02:36:25,50.12,139.15,14.23,88,100,7.9,light snow,0.0,0.007
269,Gusau,NG,2020-02-27 02:36:26,12.16,6.66,67.42,21,0,9.57,clear sky,0.0,0.0
270,Bhongaon,IN,2020-02-27 02:36:26,27.25,79.18,64.15,54,100,3.53,overcast clouds,0.0,0.0
271,Bulgan,MN,2020-02-27 02:36:26,48.81,103.53,9.54,77,0,3.42,clear sky,0.0,0.0
272,Bilibino,RU,2020-02-27 02:32:06,68.05,166.44,-13.85,92,76,1.36,broken clouds,0.0,0.0
273,Sakakah,SA,2020-02-27 02:36:26,29.97,40.21,44.6,81,0,4.7,clear sky,0.0,0.0
274,Beloretsk,RU,2020-02-27 02:36:27,53.96,58.4,21.2,67,40,4.47,scattered clouds,0.0,0.0
275,Upington,ZA,2020-02-27 02:36:27,-28.45,21.26,66.2,100,0,1.12,clear sky,0.0,0.0
276,Bandarbeyla,SO,2020-02-27 02:36:27,9.49,50.81,77.45,75,71,12.53,broken clouds,0.0,0.0
277,Safaga,EG,2020-02-27 02:36:27,26.73,33.94,57.2,50,0,1.12,clear sky,0.0,0.0
278,Vaitape,PF,2020-02-27 02:36:28,-16.52,-151.75,82.98,67,4,6.26,clear sky,0.0,0.0
279,Provideniya,RU,2020-02-27 02:36:28,64.38,-173.3,6.8,60,0,4.47,clear sky,0.0,0.0
280,Kruisfontein,ZA,2020-02-27 02:36:28,-34.0,24.73,62.83,92,100,9.53,overcast clouds,0.0,0.0
281,Alofi,NU,2020-02-27 02:36:28,-19.06,-169.92,86.0,74,40,8.05,scattered clouds,0.0,0.0
282,Xochihuehuetlan,MX,2020-02-27 02:36:28,17.92,-98.43,66.9,54,1,5.41,clear sky,0.0,0.0
283,Nalut,LY,2020-02-27 02:36:29,30.33,10.85,50.36,31,0,2.77,clear sky,0.0,0.0
284,Fort Morgan,US,2020-02-27 02:31:49,40.25,-103.8,33.8,37,90,7.36,overcast clouds,0.0,0.0
285,Norsup,VU,2020-02-27 02:36:29,-16.07,167.38,89.6,100,100,6.93,overcast clouds,0.0,0.0
286,Tautira,PF,2020-02-27 02:36:29,-17.73,-149.15,87.8,66,20,6.93,few clouds,0.0,0.0
287,Zhangye,CN,2020-02-27 02:36:30,38.93,100.45,45.46,28,55,1.77,broken clouds,0.0,0.0
288,Piopio,NZ,2020-02-27 02:36:30,-38.47,175.02,88.0,30,53,5.99,broken clouds,0.0,0.0
289,Mount Isa,AU,2020-02-27 02:36:30,-20.73,139.5,91.4,46,75,5.82,broken clouds,0.0,0.0
290,Amarillo,US,2020-02-27 02:32:11,35.22,-101.83,37.4,23,1,6.85,clear sky,0.0,0.0
291,Khairpur Nathan Shah,PK,2020-02-27 02:36:30,27.09,67.73,74.44,23,100,3.09,overcast clouds,0.0,0.0
292,Plouzane,FR,2020-02-27 02:36:30,48.38,-4.62,51.8,100,100,26.4,light rain,0.0,0.0
293,The Valley,AI,2020-02-27 02:36:31,18.22,-63.06,77.0,69,40,8.05,scattered clouds,0.0,0.0
294,Green Valley,US,2020-02-27 02:36:31,31.85,-110.99,60.01,19,1,14.99,clear sky,0.0,0.0
295,Talaya,RU,2020-02-27 02:36:31,61.38,152.75,-11.74,78,89,2.55,overcast clouds,0.0,0.0
296,Andenes,NO,2020-02-27 02:36:31,69.31,16.12,30.2,74,100,18.34,overcast clouds,0.0,0.0
297,Oistins,BB,2020-02-27 02:36:31,13.07,-59.53,77.0,73,20,10.29,few clouds,0.0,0.0
298,Saint-Francois,FR,2020-02-27 02:36:32,46.42,3.91,35.6,74,91,4.7,overcast clouds,0.0,0.0
299,Fort Nelson,CA,2020-02-27 02:36:32,58.81,-122.7,15.8,72,75,2.24,broken clouds,0.0,0.0
300,Boissevain,CA,2020-02-27 02:36:32,49.23,-100.06,12.99,92,90,9.17,overcast clouds,0.0,0.0
301,Soubre,CI,2020-02-27 02:36:32,5.79,-6.61,76.1,91,6,3.58,clear sky,0.0,0.0
302,Eyl,SO,2020-02-27 02:36:33,7.98,49.82,76.91,82,76,16.78,broken clouds,0.0,0.0
303,Krasnoselkup,RU,2020-02-27 02:36:33,65.7,82.47,11.43,86,100,22.35,overcast clouds,0.0,0.0
304,Vredendal,ZA,2020-02-27 02:36:33,-31.67,18.5,61.86,89,61,10.76,broken clouds,0.0,0.0
305,Dunedin,NZ,2020-02-27 02:35:11,-45.87,170.5,66.0,64,100,19.98,overcast clouds,0.0,0.0
306,Disna,BY,2020-02-27 02:36:33,55.57,28.2,34.45,89,100,1.95,overcast clouds,0.0,0.0
307,Cayenne,GF,2020-02-27 02:36:33,4.93,-52.33,71.6,88,32,4.63,scattered clouds,0.0,0.0
308,Sakhon Nakhon,TH,2020-02-27 02:33:00,17.16,104.15,78.8,69,70,5.82,broken clouds,0.0,0.0
309,Belyy Yar,RU,2020-02-27 02:36:34,53.6,91.39,5.0,84,20,3.36,smoke,0.0,0.0
310,Dekernes,EG,2020-02-27 02:36:34,31.09,31.59,59.0,87,32,8.05,scattered clouds,0.0,0.0
311,Gizo,SB,2020-02-27 02:36:35,-8.1,156.84,86.77,65,100,4.72,overcast clouds,0.0,0.0
312,Nabisar,PK,2020-02-27 02:36:35,25.07,69.64,71.89,46,3,9.22,clear sky,0.0,0.0
313,Itaituba,BR,2020-02-27 02:36:35,-4.28,-55.98,74.37,98,100,1.7,light rain,0.017,0.0
314,Castro,BR,2020-02-27 02:36:35,-24.79,-50.01,60.69,96,100,2.84,light rain,0.007,0.0
315,Hailey,US,2020-02-27 02:36:35,43.52,-114.32,26.6,68,5,4.7,clear sky,0.0,0.0
316,Hojai,IN,2020-02-27 02:36:36,26.0,92.87,66.24,72,0,0.31,clear sky,0.0,0.0
317,Pangai,TO,2020-02-27 02:36:36,-19.8,-174.35,86.0,79,40,4.7,scattered clouds,0.0,0.0
318,Bayangol,RU,2020-02-27 02:36:36,50.7,103.47,11.88,68,7,1.5,clear sky,0.0,0.0
319,Boa Vista,BR,2020-02-27 02:36:36,2.82,-60.67,84.2,48,0,10.29,clear sky,0.0,0.0
320,Tessalit,ML,2020-02-27 02:36:36,20.2,1.01,64.11,12,0,9.6,clear sky,0.0,0.0
321,Starogard Gdanski,PL,2020-02-27 02:36:37,53.96,18.53,37.0,82,75,10.29,broken clouds,0.0,0.0
322,Hualmay,PE,2020-02-27 02:36:37,-11.1,-77.61,71.65,81,91,4.25,overcast clouds,0.0,0.0
323,Arbuzynka,UA,2020-02-27 02:36:37,47.91,31.32,41.11,89,20,8.23,few clouds,0.0,0.0
324,Kloulklubed,PW,2020-02-27 02:36:37,7.04,134.26,84.2,79,90,14.99,overcast clouds,0.0,0.0
325,Egvekinot,RU,2020-02-27 02:35:06,66.32,-179.17,-3.26,82,0,6.44,clear sky,0.0,0.0
326,Seoul,KR,2020-02-27 02:36:37,37.57,126.98,46.4,48,40,6.93,scattered clouds,0.0,0.0
327,Impfondo,CG,2020-02-27 02:36:38,1.64,18.07,72.45,91,21,2.51,light rain,0.067,0.0
328,Hami,CN,2020-02-27 02:36:38,42.8,93.45,44.15,38,0,2.71,clear sky,0.0,0.0
329,Kuppam,IN,2020-02-27 02:36:38,12.75,78.37,73.45,71,60,2.28,broken clouds,0.0,0.0
330,Maragogi,BR,2020-02-27 02:36:38,-9.01,-35.22,82.51,78,80,12.01,light rain,0.005,0.0
331,Altea,ES,2020-02-27 02:36:38,38.6,-0.05,57.99,35,0,8.05,clear sky,0.0,0.0
332,Gamba,GA,2020-02-27 02:36:39,-2.65,10.0,75.27,93,100,4.56,light rain,0.044,0.0
333,Avera,US,2020-02-27 02:36:39,33.19,-82.53,53.6,71,1,12.75,clear sky,0.0,0.0
334,Mbandaka,CD,2020-02-27 02:36:39,0.05,18.26,72.23,95,0,3.27,light rain,0.047,0.0
335,Isangel,VU,2020-02-27 02:36:39,-19.55,169.27,87.8,74,75,5.82,broken clouds,0.0,0.0
336,Olafsvik,IS,2020-02-27 02:36:39,64.89,-23.71,25.77,68,100,22.7,light snow,0.0,0.005
337,Uvat,RU,2020-02-27 02:36:40,59.14,68.9,20.93,97,100,2.95,light snow,0.0,0.027
338,Wollongong,AU,2020-02-27 02:36:40,-34.43,150.88,79.0,53,75,8.05,broken clouds,0.0,0.0
339,Cap Malheureux,MU,2020-02-27 02:36:40,-19.98,57.61,80.6,88,75,8.05,shower rain,0.0,0.0
340,Yazman,PK,2020-02-27 02:36:40,29.12,71.74,73.76,24,34,8.57,scattered clouds,0.0,0.0
341,Sidi Ali,DZ,2020-02-27 02:36:40,36.1,0.42,48.16,89,0,3.91,clear sky,0.0,0.0
342,Melendugno,IT,2020-02-27 02:36:41,40.27,18.34,53.01,81,40,17.22,scattered clouds,0.0,0.0
343,Sinnamary,GF,2020-02-27 02:36:41,5.38,-52.95,78.87,68,96,11.39,overcast clouds,0.0,0.0
344,Moron,AR,2020-02-27 02:36:41,-34.65,-58.62,71.01,64,0,4.7,clear sky,0.0,0.0
345,Hangzhou,CN,2020-02-27 02:36:41,30.29,120.16,50.0,76,75,6.71,broken clouds,0.0,0.0
346,Nemuro,JP,2020-02-27 02:36:41,43.32,145.57,23.0,41,20,5.82,few clouds,0.0,0.0
347,Bakhmach,UA,2020-02-27 02:36:42,51.18,32.76,40.1,91,100,11.74,overcast clouds,0.0,0.0
348,Samfya,ZM,2020-02-27 02:36:42,-11.36,29.56,62.24,98,30,3.85,scattered clouds,0.0,0.0
349,Esso,RU,2020-02-27 02:36:42,55.93,158.7,14.88,83,98,1.23,overcast clouds,0.0,0.0
350,Barreirinhas,BR,2020-02-27 02:36:42,-2.75,-42.83,74.91,97,100,3.06,light rain,0.007,0.0
351,Sechura,PE,2020-02-27 02:36:42,-5.56,-80.82,75.6,87,0,3.47,clear sky,0.0,0.0
352,Tual,ID,2020-02-27 02:36:42,-5.67,132.75,83.75,77,89,10.65,light rain,0.027,0.0
353,Whyalla,AU,2020-02-27 02:36:20,-33.03,137.58,69.8,49,90,12.75,overcast clouds,0.0,0.0
354,Riesa,DE,2020-02-27 02:36:43,51.3,13.3,37.99,96,90,10.29,light rain,0.0,0.0
355,Nouakchott,MR,2020-02-27 02:36:43,18.09,-15.98,69.8,9,0,5.82,clear sky,0.0,0.0
356,La Ronge,CA,2020-02-27 02:36:43,55.1,-105.28,21.2,67,90,10.29,light snow,0.0,0.0
357,Suntar,RU,2020-02-27 02:36:44,62.14,117.63,10.33,88,42,3.33,scattered clouds,0.0,0.0
358,Lipin Bor,RU,2020-02-27 02:36:44,60.26,37.98,22.89,95,100,5.28,light snow,0.0,0.025
359,Newport,GB,2020-02-27 02:32:23,51.59,-3.0,39.99,93,100,6.93,light rain,0.0,0.0
360,Yumen,CN,2020-02-27 02:36:44,40.28,97.2,43.05,34,0,13.44,clear sky,0.0,0.0
361,Kahului,US,2020-02-27 02:36:44,20.89,-156.47,80.6,47,40,16.11,scattered clouds,0.0,0.0
362,Bara,NG,2020-02-27 02:36:44,10.37,10.73,65.95,27,0,4.99,clear sky,0.0,0.0
363,Vao,NC,2020-02-27 02:36:45,-22.67,167.48,80.22,78,7,12.68,light rain,0.042,0.0
364,Linares,CL,2020-02-27 02:36:45,-35.85,-71.6,62.96,26,0,1.61,clear sky,0.0,0.0
365,Thinadhoo,MV,2020-02-27 02:36:45,0.53,72.93,82.62,80,58,15.03,broken clouds,0.0,0.0
366,Maracineni,RO,2020-02-27 02:36:45,45.2,26.8,47.43,83,5,9.35,clear sky,0.0,0.0
367,Nong Chik,TH,2020-02-27 02:36:45,6.84,101.18,80.83,77,52,16.78,broken clouds,0.0,0.0
368,Clyde River,CA,2020-02-27 02:36:46,70.47,-68.59,-27.4,74,1,3.38,clear sky,0.0,0.0
369,Salihorsk,BY,2020-02-27 02:36:46,52.79,27.54,37.63,95,99,7.07,light rain,0.007,0.0
370,Dourbali,TD,2020-02-27 02:36:46,11.81,15.86,69.44,15,0,8.48,clear sky,0.0,0.0
371,Port-Gentil,GA,2020-02-27 02:36:46,-0.72,8.78,80.85,75,100,5.93,overcast clouds,0.0,0.0
372,Wana,PK,2020-02-27 02:36:46,32.3,69.57,44.01,65,0,3.02,clear sky,0.0,0.0
373,Acarau,BR,2020-02-27 02:36:47,-2.89,-40.12,75.52,95,96,0.85,overcast clouds,0.0,0.0
374,Nabire,ID,2020-02-27 02:36:47,-3.37,135.48,88.0,62,84,6.51,broken clouds,0.0,0.0
375,Benin,BJ,2020-02-27 02:36:47,9.5,2.25,71.22,34,0,2.8,clear sky,0.0,0.0
376,Skibbereen,IE,2020-02-27 02:36:47,51.55,-9.27,35.6,100,75,12.75,broken clouds,0.0,0.0
377,Spoleto,IT,2020-02-27 02:36:48,42.74,12.74,39.0,86,7,2.24,clear sky,0.0,0.0
378,Biak,ID,2020-02-27 02:36:48,-0.91,122.88,83.14,74,100,4.92,light rain,0.086,0.0
379,Celestun,MX,2020-02-27 02:36:48,20.87,-90.4,69.71,78,100,39.53,light rain,0.054,0.0
380,Tynda,RU,2020-02-27 02:36:48,55.17,124.72,10.22,90,75,2.62,broken clouds,0.0,0.0
381,Dustlik,UZ,2020-02-27 02:36:48,40.52,68.04,37.27,95,100,9.01,moderate rain,0.153,0.0
382,Palana,RU,2020-02-27 02:33:05,59.12,159.97,22.93,79,100,3.94,overcast clouds,0.0,0.0
383,Abu Samrah,SY,2020-02-27 02:36:49,35.3,37.18,44.87,90,0,3.11,clear sky,0.0,0.0
384,Fairbanks,US,2020-02-27 02:33:41,64.84,-147.72,3.2,59,1,3.36,clear sky,0.0,0.0
385,Teeli,RU,2020-02-27 02:36:49,51.03,90.23,1.31,94,69,2.44,broken clouds,0.0,0.0
386,Lithgow,AU,2020-02-27 02:36:50,-33.48,150.15,77.0,60,40,8.05,scattered clouds,0.0,0.0
387,Saint-Pierre,RE,2020-02-27 02:32:59,-21.34,55.48,77.0,78,20,3.36,few clouds,0.0,0.0
388,Ennis,IE,2020-02-27 02:36:50,52.84,-8.99,37.4,93,75,3.36,broken clouds,0.0,0.0
389,Port Hedland,AU,2020-02-27 02:36:50,-20.32,118.57,91.4,66,100,9.17,overcast clouds,0.0,0.0
390,La Palma,US,2020-02-27 02:36:50,33.85,-118.05,77.0,16,1,4.7,clear sky,0.0,0.0
391,Prado,BR,2020-02-27 02:36:51,-17.34,-39.22,80.78,80,0,18.16,clear sky,0.0,0.0
392,Miri,MY,2020-02-27 02:36:51,4.41,114.01,84.2,79,75,11.41,broken clouds,0.0,0.0
393,Kieta,PG,2020-02-27 02:36:51,-6.22,155.63,83.73,75,93,5.57,overcast clouds,0.0,0.0
394,Kenitra,MA,2020-02-27 02:36:50,34.26,-6.58,55.0,100,40,5.82,scattered clouds,0.0,0.0
395,Pacific Grove,US,2020-02-27 02:36:51,36.62,-121.92,62.01,60,21,1.81,few clouds,0.0,0.0
396,Road Town,VG,2020-02-27 02:36:52,18.42,-64.62,77.0,69,1,10.29,clear sky,0.0,0.0
397,Hearst,CA,2020-02-27 02:36:52,49.68,-83.67,-1.64,96,100,8.25,overcast clouds,0.0,0.0
398,Mecca,SA,2020-02-27 02:36:52,21.43,39.83,69.3,21,89,6.73,overcast clouds,0.0,0.0
399,Labuan,MY,2020-02-27 02:36:52,5.28,115.24,84.2,83,75,9.17,broken clouds,0.0,0.0
400,San Angelo,US,2020-02-27 02:36:52,31.46,-100.44,41.0,38,1,5.82,clear sky,0.0,0.0
401,Gao,ML,2020-02-27 02:36:53,16.64,1.64,68.13,10,0,10.13,clear sky,0.0,0.0
402,Port Lincoln,AU,2020-02-27 02:36:53,-34.73,135.87,67.28,51,0,15.46,clear sky,0.0,0.0
403,Mizan Teferi,ET,2020-02-27 02:36:53,6.98,35.58,71.91,56,92,2.8,overcast clouds,0.0,0.0
404,Oktyabrskoye,RU,2020-02-27 02:36:53,43.06,44.74,42.4,32,56,6.44,broken clouds,0.0,0.0
405,Ostrovnoy,RU,2020-02-27 02:36:54,68.05,39.51,7.14,92,0,10.29,clear sky,0.0,0.0
406,Port Blair,IN,2020-02-27 02:33:48,11.67,92.75,73.4,94,99,13.94,mist,0.0,0.0
407,Anito,PH,2020-02-27 02:36:54,12.45,125.29,80.74,80,44,20.56,light rain,0.074,0.0
408,Bakchar,RU,2020-02-27 02:36:54,57.02,82.07,17.51,81,100,13.06,overcast clouds,0.0,0.0
409,Dingle,PH,2020-02-27 02:36:54,11.0,122.67,83.62,67,81,14.41,light rain,0.007,0.0
410,Malindi,KE,2020-02-27 02:36:55,-3.22,40.12,79.03,87,81,4.52,light rain,0.03,0.0
411,Tyazhinskiy,RU,2020-02-27 02:36:55,56.12,88.52,12.61,84,0,19.42,clear sky,0.0,0.0
412,Basco,PH,2020-02-27 02:36:55,20.45,121.97,76.12,78,100,17.25,light rain,0.074,0.0
413,Casablanca,MA,2020-02-27 02:36:55,33.59,-7.62,55.4,93,6,9.17,clear sky,0.0,0.0
414,Svetlogorsk,BY,2020-02-27 02:36:55,52.63,29.73,40.03,92,100,7.78,overcast clouds,0.0,0.0
415,Nuuk,GL,2020-02-27 02:36:56,64.18,-51.72,6.8,77,0,3.36,clear sky,0.0,0.0
416,Luau,AO,2020-02-27 02:36:56,-10.71,22.22,63.37,97,99,2.62,overcast clouds,0.0,0.0
417,Am Timan,TD,2020-02-27 02:36:56,11.03,20.28,68.32,19,0,5.26,clear sky,0.0,0.0
418,Yerbogachen,RU,2020-02-27 02:36:56,61.28,108.01,8.24,93,97,2.95,overcast clouds,0.0,0.0
419,Bonnyville,CA,2020-02-27 02:33:01,54.27,-110.73,32.0,93,40,5.82,scattered clouds,0.0,0.0
420,Minsk Mazowiecki,PL,2020-02-27 02:36:57,52.18,21.57,37.0,93,75,9.17,broken clouds,0.0,0.0
421,Kutum,SD,2020-02-27 02:36:57,14.2,24.67,54.16,24,0,7.09,clear sky,0.0,0.0
422,Uribia,CO,2020-02-27 02:36:57,11.71,-72.27,76.39,76,21,5.57,few clouds,0.0,0.0
423,Yatou,CN,2020-02-27 02:36:57,37.15,122.38,40.28,53,95,13.62,overcast clouds,0.0,0.0
424,Pascagoula,US,2020-02-27 02:36:57,30.37,-88.56,48.2,61,1,8.05,clear sky,0.0,0.0
425,Shwebo,MM,2020-02-27 02:34:50,22.57,95.7,74.43,54,0,14.43,clear sky,0.0,0.0
426,Saint Andrews,US,2020-02-27 02:36:58,34.05,-81.13,57.2,50,90,20.8,overcast clouds,0.0,0.0
427,Gayeri,BF,2020-02-27 02:36:58,12.65,0.49,70.21,14,0,9.01,clear sky,0.0,0.0
428,Phan Thiet,VN,2020-02-27 02:36:58,10.93,108.1,89.01,37,0,11.74,clear sky,0.0,0.0
429,Lasa,IT,2020-02-27 02:36:58,46.62,10.7,30.0,92,75,4.7,broken clouds,0.0,0.0
430,Ovalle,CL,2020-02-27 02:36:58,-30.6,-71.2,58.55,65,0,0.72,clear sky,0.0,0.0
431,Narasannapeta,IN,2020-02-27 02:36:59,18.42,84.05,76.24,40,0,4.59,clear sky,0.0,0.0
432,Kimbe,PG,2020-02-27 02:36:59,-5.55,150.14,87.6,68,22,7.18,light rain,0.039,0.0
433,Liwale,TZ,2020-02-27 02:36:59,-9.77,37.93,67.91,96,72,0.58,broken clouds,0.0,0.0
434,Canberra,AU,2020-02-27 02:34:55,-35.28,149.13,73.99,24,0,12.75,clear sky,0.0,0.0
435,Rundu,NA,2020-02-27 02:36:59,-17.93,19.77,69.8,100,100,3.36,moderate rain,0.315,0.0
436,Korla,CN,2020-02-27 02:37:00,41.76,86.15,35.6,37,100,8.05,overcast clouds,0.0,0.0
437,Urengoy,RU,2020-02-27 02:34:20,65.97,78.37,15.64,82,100,22.62,overcast clouds,0.0,0.0
438,Jalu,LY,2020-02-27 02:37:00,29.03,21.55,64.87,24,100,7.02,overcast clouds,0.0,0.0
439,Bay Roberts,CA,2020-02-27 02:37:00,47.6,-53.26,30.0,100,90,8.05,light snow,0.0,0.0
440,Ibra,OM,2020-02-27 02:37:00,22.69,58.53,68.52,54,53,4.0,broken clouds,0.0,0.0
441,Dakar,SN,2020-02-27 02:37:00,14.69,-17.44,84.2,37,0,13.87,clear sky,0.0,0.0
442,Ubinskoye,RU,2020-02-27 02:37:01,55.31,79.68,24.35,94,100,19.53,snow,0.0,0.089
443,Amapa,BR,2020-02-27 02:37:01,1.0,-52.0,72.18,91,100,5.08,overcast clouds,0.0,0.0
444,Xiongyue,CN,2020-02-27 02:37:01,40.18,122.12,37.76,27,43,7.34,scattered clouds,0.0,0.0
445,Xuddur,SO,2020-02-27 02:37:01,4.12,43.89,68.61,88,80,12.08,broken clouds,0.0,0.0
446,Salalah,OM,2020-02-27 02:37:01,17.02,54.09,73.4,73,20,6.93,few clouds,0.0,0.0
447,Shenjiamen,CN,2020-02-27 02:37:02,29.96,122.3,50.07,79,98,14.05,overcast clouds,0.0,0.0
448,Mangrol,IN,2020-02-27 02:37:02,21.12,70.12,75.76,51,0,14.83,clear sky,0.0,0.0
449,Elbeuf,FR,2020-02-27 02:34:04,49.29,1.0,39.99,93,100,8.05,overcast clouds,0.0,0.0
450,Vila Velha,BR,2020-02-27 02:37:02,-20.33,-40.29,81.0,74,20,9.17,few clouds,0.0,0.0
451,Touros,BR,2020-02-27 02:37:02,-5.2,-35.46,78.8,88,20,4.7,few clouds,0.0,0.0
452,Ballina,AU,2020-02-27 02:37:02,-28.87,153.57,80.6,78,63,14.99,broken clouds,0.0,0.0
453,Akranes,IS,2020-02-27 02:37:03,64.32,-22.07,26.6,58,90,20.8,overcast clouds,0.0,0.0
454,Muros,ES,2020-02-27 02:37:03,42.78,-9.06,59.0,100,75,10.29,broken clouds,0.0,0.0
455,Yamada,JP,2020-02-27 02:37:03,39.47,141.95,31.46,89,100,7.09,snow,0.0,0.12
456,Axim,GH,2020-02-27 02:37:03,4.87,-2.24,77.85,96,3,2.84,clear sky,0.0,0.0
457,Strezhevoy,RU,2020-02-27 02:37:03,60.73,77.59,17.6,72,100,20.13,overcast clouds,0.0,0.0
458,Darfo,IT,2020-02-27 02:37:04,45.88,10.18,42.8,35,5,10.29,clear sky,0.0,0.0
459,Hambantota,LK,2020-02-27 02:37:04,6.12,81.12,73.4,100,40,3.36,scattered clouds,0.0,0.0
460,Ola,RU,2020-02-27 02:37:04,59.58,151.28,13.64,69,90,6.98,overcast clouds,0.0,0.0
461,Zagora,MA,2020-02-27 02:37:04,30.35,-5.84,55.9,17,0,0.18,clear sky,0.0,0.0
462,Morant Bay,JM,2020-02-27 02:37:04,17.88,-76.41,80.6,74,20,10.29,few clouds,0.0,0.0
463,Bambous Virieux,MU,2020-02-27 02:37:04,-20.34,57.76,80.6,88,75,8.05,shower rain,0.0,0.0
464,Howard Springs,AU,2020-02-27 02:37:05,-12.5,131.05,82.0,100,75,12.75,shower rain,0.0,0.0
465,Nurobod,UZ,2020-02-27 02:37:05,40.91,69.8,35.6,93,90,4.7,light shower snow,0.0,0.0
466,Freeport,US,2020-02-27 02:36:45,40.66,-73.58,46.4,87,90,14.99,mist,0.0,0.0
467,Abha,SA,2020-02-27 02:37:05,18.22,42.51,57.2,35,40,0.96,scattered clouds,0.0,0.0
468,Katsuura,JP,2020-02-27 02:37:06,35.13,140.3,52.0,50,20,21.92,few clouds,0.0,0.0
469,Laguna,US,2020-02-27 02:37:06,38.42,-121.42,69.8,37,1,5.82,clear sky,0.0,0.0
470,Stephenville Crossing,CA,2020-02-27 02:37:06,48.5,-58.43,26.6,86,75,8.05,broken clouds,0.0,0.0
471,Husavik,IS,2020-02-27 02:37:06,66.04,-17.34,24.8,68,90,26.4,overcast clouds,0.0,0.0
472,Bestobe,KZ,2020-02-27 02:37:06,52.5,73.1,27.14,84,73,22.28,broken clouds,0.0,0.0
473,Havre-Saint-Pierre,CA,2020-02-27 02:37:06,50.23,-63.6,12.2,43,1,13.87,clear sky,0.0,0.0
474,Syedove,UA,2020-02-27 02:37:07,47.08,38.16,44.71,77,100,22.41,overcast clouds,0.0,0.0
475,Te Anau,NZ,2020-02-27 02:37:07,-45.42,167.72,56.43,74,59,7.14,broken clouds,0.0,0.0
476,Lady Lake,US,2020-02-27 02:37:07,28.92,-81.92,64.4,100,90,10.67,light rain,0.0,0.0
477,Aguimes,ES,2020-02-27 02:37:07,27.91,-15.45,64.4,77,75,20.8,broken clouds,0.0,0.0
478,Butterworth,MY,2020-02-27 02:37:07,5.4,100.36,86.0,66,20,4.7,few clouds,0.0,0.0
479,Kedougou,SN,2020-02-27 02:37:08,12.56,-12.17,74.55,19,0,1.66,clear sky,0.0,0.0
480,Waingapu,ID,2020-02-27 02:37:08,-9.66,120.26,84.78,76,60,14.72,broken clouds,0.0,0.0
481,Westport,US,2020-02-27 02:35:09,41.14,-73.36,46.4,87,90,11.41,overcast clouds,0.0,0.0
482,Sao Filipe,CV,2020-02-27 02:37:08,14.9,-24.5,75.67,55,0,4.72,clear sky,0.0,0.0
483,Tarakan,ID,2020-02-27 02:37:08,3.3,117.63,85.8,61,95,4.97,overcast clouds,0.0,0.0
484,Khandyga,RU,2020-02-27 02:37:08,62.67,135.6,-2.33,90,48,0.65,scattered clouds,0.0,0.0
485,Khor,RU,2020-02-27 02:37:09,47.89,134.95,13.84,93,100,7.27,overcast clouds,0.0,0.0
486,Filingue,NE,2020-02-27 02:37:09,14.35,3.32,68.72,16,0,10.29,clear sky,0.0,0.0
487,Boo,SE,2020-02-27 02:37:09,59.33,18.28,30.99,79,100,9.17,light snow,0.0,0.0
488,Terme,TR,2020-02-27 02:37:09,41.21,36.97,68.0,16,53,27.51,broken clouds,0.0,0.0
489,Levin,NZ,2020-02-27 02:37:09,-40.63,175.28,80.01,54,0,5.01,clear sky,0.0,0.0
490,Cutervo,PE,2020-02-27 02:37:10,-6.38,-78.82,55.11,96,71,1.01,broken clouds,0.0,0.0
491,Taranagar,IN,2020-02-27 02:37:10,28.67,75.04,69.91,33,61,11.99,broken clouds,0.0,0.0
492,Jaguariaiva,BR,2020-02-27 02:37:10,-24.25,-49.71,66.99,99,83,4.0,broken clouds,0.0,0.0
493,Presidente Medici,BR,2020-02-27 02:36:00,-11.18,-61.9,74.46,97,100,4.16,moderate rain,0.217,0.0
494,Warmbad,NA,2020-02-27 02:37:10,-28.45,18.73,70.03,27,0,8.23,clear sky,0.0,0.0
495,Nimes,FR,2020-02-27 02:37:11,43.83,4.35,44.6,64,71,4.7,broken clouds,0.0,0.0
496,Muriwai Beach,NZ,2020-02-27 02:37:11,-36.82,174.45,82.99,64,83,5.82,broken clouds,0.0,0.0
497,Teguldet,RU,2020-02-27 02:37:11,57.31,88.17,11.97,88,55,10.8,broken clouds,0.0,0.0
498,Estevan,CA,2020-02-27 02:37:11,49.13,-102.98,21.2,92,75,6.93,broken clouds,0.0,0.0
499,Den Helder,NL,2020-02-27 02:37:11,52.96,4.76,41.0,80,75,11.41,broken clouds,0.0,0.0
500,Stornoway,GB,2020-02-27 02:37:12,58.21,-6.39,34.0,86,81,14.99,light snow,0.0,0.0
501,Pahrump,US,2020-02-27 02:37:12,36.21,-115.98,55.99,25,1,9.17,clear sky,0.0,0.0
502,Puerto Del Rosario,ES,2020-02-27 02:37:12,28.5,-13.86,64.4,77,47,13.87,scattered clouds,0.0,0.0
503,Kailua,US,2020-02-27 02:33:38,21.4,-157.74,75.2,64,40,14.99,scattered clouds,0.0,0.0
504,Les Herbiers,FR,2020-02-27 02:37:13,46.87,-1.02,45.0,100,90,11.41,light rain,0.0,0.0
505,Yorosso,ML,2020-02-27 02:37:13,12.35,-4.78,71.4,14,0,6.31,clear sky,0.0,0.0
506,La Massana,AD,2020-02-27 02:37:13,42.57,1.48,39.99,83,0,1.99,clear sky,0.0,0.0
507,Sao Jose Da Coroa Grande,BR,2020-02-27 02:37:13,-8.9,-35.15,82.51,78,80,12.01,light rain,0.005,0.0
508,Deloraine,AU,2020-02-27 02:37:14,-41.53,146.67,63.0,59,90,21.92,overcast clouds,0.0,0.0
509,Nizwa,OM,2020-02-27 02:37:14,22.93,57.53,66.2,48,28,0.11,scattered clouds,0.0,0.0
510,Plettenberg Bay,ZA,2020-02-27 02:37:14,-34.05,23.37,65.03,88,37,6.08,scattered clouds,0.0,0.0
511,Kariapatti,IN,2020-02-27 02:37:14,9.68,78.1,73.4,88,100,4.7,mist,0.0,0.0
512,Mizdah,LY,2020-02-27 02:37:14,31.45,12.98,50.09,51,0,2.95,clear sky,0.0,0.0
513,Luderitz,NA,2020-02-27 02:37:14,-26.65,15.16,62.6,88,0,5.82,clear sky,0.0,0.0
514,Saint-Louis,SN,2020-02-27 02:37:15,16.33,-15.0,77.72,7,0,13.04,clear sky,0.0,0.0
515,Zhenjiang,CN,2020-02-27 02:37:15,32.21,119.43,62.01,63,100,1.99,overcast clouds,0.0,0.0
516,Jieshi,CN,2020-02-27 02:37:15,22.81,115.83,71.01,79,26,17.4,scattered clouds,0.0,0.0
517,Kavaratti,IN,2020-02-27 02:37:16,10.57,72.64,82.36,65,100,5.64,overcast clouds,0.0,0.0
518,Wasco,US,2020-02-27 02:32:27,35.59,-119.34,73.4,24,1,4.7,clear sky,0.0,0.0
519,Banda Aceh,ID,2020-02-27 02:37:16,5.56,95.32,85.44,60,12,6.24,few clouds,0.0,0.0
520,Kamenka,RU,2020-02-27 02:37:16,51.32,42.77,39.0,81,100,8.01,overcast clouds,0.0,0.0
521,Kirakira,SB,2020-02-27 02:37:17,-10.45,161.92,81.91,72,98,4.52,overcast clouds,0.0,0.0
522,Kyshtovka,RU,2020-02-27 02:37:17,56.55,76.63,24.49,95,100,16.67,snow,0.0,0.138
523,Douentza,ML,2020-02-27 02:37:17,15.0,-2.95,63.88,14,0,3.85,clear sky,0.0,0.0
524,Tigil,RU,2020-02-27 02:37:17,57.8,158.67,17.53,87,96,8.72,overcast clouds,0.0,0.0
525,Semey,KZ,2020-02-27 02:37:17,50.41,80.23,33.8,100,90,22.37,light intensity shower rain,0.0,0.0
526,San Jose,US,2020-02-27 02:36:00,37.34,-121.89,68.0,37,40,9.17,scattered clouds,0.0,0.0
527,Rapid Valley,US,2020-02-27 02:37:18,44.06,-103.15,37.0,68,90,5.41,overcast clouds,0.0,0.0
528,Suixi,CN,2020-02-27 02:35:39,33.89,116.77,45.19,48,58,11.12,broken clouds,0.0,0.0
529,Great Yarmouth,GB,2020-02-27 02:37:18,52.61,1.73,37.0,85,100,8.05,overcast clouds,0.0,0.0
530,Camalu,MX,2020-02-27 02:37:18,30.85,-116.07,58.84,33,9,0.76,clear sky,0.0,0.0
531,Goma,CD,2020-02-27 02:37:19,-1.68,29.22,57.96,93,100,0.74,light rain,0.007,0.0
532,Kathmandu,NP,2020-02-27 02:35:44,27.72,85.32,50.0,81,75,2.24,mist,0.0,0.0
533,Charlottesville,US,2020-02-27 02:33:30,38.03,-78.48,55.99,93,90,13.85,moderate rain,0.0,0.0
534,Labuhan,ID,2020-02-27 02:37:19,-6.88,112.21,85.33,74,22,6.8,few clouds,0.0,0.0
535,Tromso,NO,2020-02-27 02:37:19,69.65,18.96,32.0,82,75,14.99,broken clouds,0.0,0.0
536,Botwood,CA,2020-02-27 02:37:20,49.15,-55.35,24.8,92,90,2.24,light shower snow,0.0,0.0
537,Cairns,AU,2020-02-27 02:37:20,-16.92,145.77,93.0,74,100,12.75,overcast clouds,0.0,0.0
538,Bouna,CI,2020-02-27 02:37:20,9.27,-3.0,74.82,17,0,4.03,clear sky,0.0,0.0
539,Roswell,US,2020-02-27 02:33:59,34.02,-84.36,42.8,80,75,5.82,broken clouds,0.0,0.0
540,Conde,BR,2020-02-27 02:37:20,-7.26,-34.91,80.6,88,40,4.7,scattered clouds,0.0,0.0
541,Cidreira,BR,2020-02-27 02:37:21,-30.18,-50.21,70.84,59,0,8.7,clear sky,0.0,0.0
542,Dogondoutchi,NE,2020-02-27 02:37:21,13.64,4.03,69.62,17,0,9.42,clear sky,0.0,0.0
543,Santa Cruz De La Palma,ES,2020-02-27 02:37:21,28.68,-17.76,62.6,93,75,11.41,broken clouds,0.0,0.0
544,Karlshamn,SE,2020-02-27 02:37:21,56.17,14.86,28.4,92,32,6.93,scattered clouds,0.0,0.0
545,Yenagoa,NG,2020-02-27 02:37:21,4.92,6.26,79.39,85,100,2.75,overcast clouds,0.0,0.0
546,Treinta Y Tres,UY,2020-02-27 02:37:22,-33.23,-54.38,54.54,86,0,3.51,clear sky,0.0,0.0
547,Puerto Narino,CO,2020-02-27 02:37:22,-3.77,-70.38,77.0,100,75,2.24,broken clouds,0.0,0.0
548,Macomb,US,2020-02-27 02:36:15,40.46,-90.67,30.2,74,40,10.29,scattered clouds,0.0,0.0
549,Ailigandi,PA,2020-02-27 02:37:22,9.23,-78.02,72.55,98,47,2.48,scattered clouds,0.0,0.0
550,Katherine,AU,2020-02-27 02:37:22,-14.47,132.27,77.0,88,75,11.41,light rain,0.0,0.0
551,Pinehurst,US,2020-02-27 02:37:23,35.2,-79.47,60.8,67,75,16.11,broken clouds,0.0,0.0
552,Maningrida,AU,2020-02-27 02:37:23,-12.07,134.27,84.22,79,100,17.11,moderate rain,0.155,0.0
553,Changji,CN,2020-02-27 02:37:23,44.02,87.32,26.6,92,75,4.47,mist,0.0,0.0
554,Mayo,US,2020-02-27 02:37:23,38.89,-76.51,48.2,94,90,9.17,light rain,0.0,0.0
555,Port Macquarie,AU,2020-02-27 02:37:23,-31.43,152.92,84.99,65,90,11.41,overcast clouds,0.0,0.0
556,Tvoroyri,FO,2020-02-27 02:37:24,61.56,-6.81,33.8,86,0,6.93,clear sky,0.0,0.0
557,Sylva,RU,2020-02-27 02:37:24,58.03,56.76,19.4,85,3,11.18,clear sky,0.0,0.0
558,Alvaraes,BR,2020-02-27 02:37:24,-3.22,-64.8,77.27,87,65,1.36,broken clouds,0.0,0.0
559,Vrangel,RU,2020-02-27 02:37:25,42.73,133.08,30.78,62,0,16.89,clear sky,0.0,0.0
560,Coquimbo,CL,2020-02-27 02:37:25,-29.95,-71.34,60.8,87,90,3.36,overcast clouds,0.0,0.0
561,Texarkana,US,2020-02-27 02:34:25,33.43,-94.05,39.0,55,1,3.36,clear sky,0.0,0.0
